"ID","Kategori","Şehir","Türkçe Adı","İngilizce Adı","Arapça Adı","Alt Tür","Durum","Alkol Durumu","Öncelik","Sitedeki Dosya / Slug","Kaynak ve Notlar","Son Güncelleme"
"halep","city","GENEL","Halep","Aleppo","حلب","Sabun ve taş","YAYINDA","Alkolsüz (Doğrulandı)","Tamamlandı","cities/halep.json","Ticaretin şehri. Kalesi bir tepenin üstünde değil, tepenin kendisi. Çarşılar yeniden açılıyor, sabun atölyeleri çalışıyor. Nereden başlanır ve ne kadar sürer.","2026-08-20"
"humus","city","GENEL","Humus","Homs","حمص","Geçidin şehri","YAYINDA","Alkolsüz (Doğrulandı)","Tamamlandı","cities/humus.json","Suriye'nin ortasında, sahille içeriyi ayıran tek doğal geçidin ağzında. Humus'ta ne görülür, ne zaman gidilir ve Krak des Chevaliers'a nereden dönülür.","2026-08-20"
"lazkiye","city","GENEL","Lazkiye","Latakia","اللاذقية","Sahilin merkezi","YAYINDA","Alkolsüz (Doğrulandı)","Tamamlandı","cities/lazkiye.json","Suriye'nin ana limanı ve sahilin merkezi. Kayalık koylar, çam ormanları ve ülkenin en ılıman iklimi — Lazkiye'de ne yapılır, ne zaman gidilir, çevresinde ne var.","2026-08-20"
"sam","city","GENEL","Şam","Damascus","دمشق","Yasemin şehri","YAYINDA","Alkolsüz (Doğrulandı)","Tamamlandı","cities/sam.json","Dünyanın kesintisiz yaşanan en eski şehirlerinden biri. Kasiyun'un eteğinde, Barada vahasında. Nereden başlanır, hangi mahalle ne zaman gezilir, ne kadar sürer.","2026-08-20"
"tedmur","city","GENEL","Tedmür","Palmyra","تدمر","Çölün ortasındaki vaha","YAYINDA","Alkolsüz (Doğrulandı)","Tamamlandı","cities/tedmur.json","Bâdiye'nin ortasında bir vaha ve ayakta kalmış sütun dizileri. Tedmür'e nereden gidilir, ne zaman gidilir ve 2015 sonrasında kalıntılardan bugün ne kaldı.","2026-08-20"
"azm-sarayi","place","SAM","Azm Sarayı","The Azm Palace","قصر العظم","Şam · 18. yüzyıl","YAYINDA","Alkolsüz (Doğrulandı)","Tamamlandı","places/azm-sarayi.json","1749'da bir Osmanlı valisinin yaptırdığı Şam evi: siyah bazalt ve beyaz kireçtaşı şeritleri, limon ağaçlı gölge avlu ve bugün içindeki halk sanatları müzesi.","2026-08-20"
"bab-antakya","place","HALEP","Bab Antakya","Bab Antakiya","باب أنطاكية","Halep · şehir kapısı","YAYINDA","Alkolsüz (Doğrulandı)","Tamamlandı","places/bab-antakya.json","Halep'in batı kapısı ve çarşıya açılan giriş. Kapıdan geçtiğin anda açık sokak bitiyor, üstü örtülü çarşı başlıyor. Kaleye çıkan hattın doğal başlangıcı.","2026-08-20"
"bab-kinnesrin","place","HALEP","Bab Kınnesrin","Bab Qinnasrin","باب قنسرين","Halep · 13. yüzyıl","YAYINDA","Alkolsüz (Doğrulandı)","Tamamlandı","places/bab-kinnesrin.json","Halep eski şehrinin güney kapısı, Ulu Cami'ye 1 kilometre. Bugünkü hâli 1256'ya ait, ilk yapan 964'te Seyfüddevle; kanatları Amorium'dan gelen ganimetti.","2026-08-20"
"bab-kisan","place","SAM","Bab Kisan","Bab Kisan","باب كيسان","Şam · Roma temeli, 1939 kilise","YAYINDA","Alkolsüz (Doğrulandı)","Tamamlandı","places/bab-kisan.json","Eski Şam'ın güneydoğu kapısı, Roma surunda Satürn'ün kapısıydı. 1939'dan beri kapının kendisi bir kilisenin cephesi. Nasıl gidilir, ne görülür, ne kadar sürer.","2026-08-20"
"bab-sarki","place","SAM","Bab Şarki","Bab Sharqi","الباب الشرقي","Şam · MS 3. yüzyıl","YAYINDA","Alkolsüz (Doğrulandı)","Tamamlandı","places/bab-sarki.json","Eski Şam'ın doğu kapısı ve Roma planını hâlâ okutan tek kapı. Doğru Sokak buradan başlıyor, Hristiyan mahallesi hemen içinde. Şehri doğru yönden okumanın başlangıcı.","2026-08-20"
"emevi-camii","place","SAM","Emevî Camii","The Umayyad Mosque","الجامع الأموي","Şam · 8. yüzyıl","YAYINDA","Alkolsüz (Doğrulandı)","Tamamlandı","places/emevi-camii.json","715'te tamamlandı; öncesinde kilise, ondan önce tapınak vardı. Avlunun batı duvarındaki altın mozaikler ilk halinden kalan parça. Ziyaret saatleri ve giyim notu.","2026-08-20"
"esad-pasa-hani","place","SAM","Esad Paşa Hanı","The Khan As'ad Pasha","خان أسعد باشا","Şam · 18. yüzyıl","YAYINDA","Alkolsüz (Doğrulandı)","Tamamlandı","places/esad-pasa-hani.json","Şam'ın en büyük kervansarayı, 1753'te tamamlandı. Dört ağır ayak üstünde dokuz kubbe, siyah-beyaz taş ve Bzuriye Çarşısı'nın ortasında tabelasız bir kapı.","2026-08-20"
"halep-kalesi","place","HALEP","Halep Kalesi","The Aleppo Citadel","قلعة حلب","Halep · 12. yüzyıl","YAYINDA","Alkolsüz (Doğrulandı)","Tamamlandı","places/halep-kalesi.json","Şehrin ortasındaki höyüğün üstünde; girişi sekiz yüz yıllık taş köprüden. Ne görülür, surlardan şehir nasıl okunur, giriş 1500 SYP ve ziyaret notları.","2026-08-20"
"halep-ulu-camii","place","HALEP","Halep Ulu Camii","The Great Mosque of Aleppo","الجامع الأموي الكبير بحلب","Halep · 8. yüzyıl","YAYINDA","Alkolsüz (Doğrulandı)","Tamamlandı","places/halep-ulu-camii.json","8. yüzyılda kurulan, Medine Çarşısı'nın batı ucundaki büyük cami. Avlusunun siyah-beyaz taş döşemesi, 2013'te yıkılan minaresi ve onarımın bugünkü hâli.","2026-08-20"
"halid-bin-velid-camii","place","HUMUS","Halid bin Velid Camii","The Khalid ibn al-Walid Mosque","جامع خالد بن الوليد","Humus · 20. yüzyıl başı","YAYINDA","Alkolsüz (Doğrulandı)","Tamamlandı","places/halid-bin-velid-camii.json","Humus'un simgesi: geniş bir bahçenin ortasında, cephesi siyah bazalt ve beyaz kireçtaşıyla şerit şerit örülmüş cami. İçinde Halid bin Velid'in türbesi var.","2026-08-20"
"hamidiye-carsisi","place","SAM","Hamidiye Çarşısı","The Al-Hamidiyah Souq","سوق الحميدية","Şam · 19. yüzyıl","YAYINDA","Alkolsüz (Doğrulandı)","Tamamlandı","places/hamidiye-carsisi.json","Kemerli teneke çatı 1925 bombardımanından delik deşik çıktı; o delikler gündüz yere düşen ışık noktalarına dönüşüyor. Çarşı Emevî Camii'nin batı kapısına çıkıyor.","2026-08-20"
"hanania-kilisesi","place","SAM","Hanania Kilisesi","The Chapel of Saint Ananias","كنيسة القدّيس حنانيا","Şam · erken Hristiyan dönemi","YAYINDA","Alkolsüz (Doğrulandı)","Tamamlandı","places/hanania-kilisesi.json","Şam'ın Hristiyan mahallesinde, sokak seviyesinin 5-6 metre altındaki iki odalı yeraltı şapeli. Pavlus'un vaftiz edildiği yer sayılıyor. Nasıl gidilir, ne görülür.","2026-08-20"
"humus-kalesi","place","HUMUS","Humus Kalesi","Homs Citadel","قلعة حمص","Humus · Eyyûbî — Osmanlı","YAYINDA","Alkolsüz (Doğrulandı)","Tamamlandı","places/humus-kalesi.json","Eski şehrin güneybatısında, düzlükten 32 metre yükselen yapay bir höyük. Ayakta kale yok; taş kaplı yamaç, sur parçaları ve Humus'un en eski katmanı var.","2026-08-20"
"kasiyun-dagi","place","SAM","Kasiyun Dağı","Mount Qasioun","جبل قاسيون","Şam · seyir noktası","YAYINDA","Alkolsüz (Doğrulandı)","Tamamlandı","places/kasiyun-dagi.json","Şam'ın kuzeyinde bir dağ ve şehrin tamamını tek kareye sığdıran seyir noktası. Merkezden yarım saat. Ne zaman çıkılır, akşamüstü mü gece mi, nasıl gidilir.","2026-08-20"
"kattina-golu","place","HUMUS","Kattina Gölü","Lake Qattinah","بحيرة قطينة","Humus · antik baraj","YAYINDA","Alkolsüz (Doğrulandı)","Tamamlandı","places/kattina-golu.json","Humus'un batısında, antik bir barajın tuttuğu göl. Geçidin ağzında su, kuş ve akşamüstü ışığı; şehirden yarım saat, dağdaki kaleye giden yolun tam üstünde.","2026-08-20"
"kessab","place","LAZKIYE","Kessab","Kessab","كسب","Lazkiye · dağ kasabası","YAYINDA","Alkolsüz (Doğrulandı)","Tamamlandı","places/kessab.json","Lazkiye'nin kuzeyinde, 800 metre yükseklikte, çam ormanlarının içinde bir dağ kasabası. Sahil sıcağından kaçanların yazlık adresi ve Ermeni geçmişiyle ayrı bir yer.","2026-08-20"
"krak-des-chevaliers","place","HUMUS","Krak des Chevaliers","Krak des Chevaliers","قلعة الحصن","Humus · 12. yüzyıl","YAYINDA","Alkolsüz (Doğrulandı)","Tamamlandı","places/krak-des-chevaliers.json","Dünyanın ayakta kalmış en sağlam Haçlı kalesi. Humus'un 65 kilometre batısındaki Kalatü'l-Hısn'a nasıl gidilir, içeride ne görülür, ziyaret ne kadar sürer.","2026-08-20"
"marqab-kalesi","place","LAZKIYE","Marqab Kalesi","Margat Castle","قلعة المرقب","Banyas · 12.–13. yüzyıl","YAYINDA","Alkolsüz (Doğrulandı)","Tamamlandı","places/marqab-kalesi.json","Banyas'ın güneyinde, denize bakan bazalt bir burnun üstünde Hospitalier kalesi. Kara taşı, sahil yolunu tutan konumu, içeride ne görüldüğü ve 1285'te düşüşü.","2026-08-20"
"medine-carsisi","place","HALEP","Medine Çarşısı","The Al-Madina Souq","سوق المدينة","Halep · 13.–16. yüzyıl","YAYINDA","Alkolsüz (Doğrulandı)","Tamamlandı","places/medine-carsisi.json","Halep'in kapalı çarşısı: kilometrelerce tonozlu sokak, aralarına dağılmış hanlar ve bölüm bölüm yeniden açılan dükkânlar. Nereden girilir, ne kadar sürer, ne alınır.","2026-08-20"
"meryem-ana-katedrali","place","SAM","Meryem Ana Katedrali","The Mariamite Cathedral","الكاتدرائية المريمية","Şam · kilise","YAYINDA","Alkolsüz (Doğrulandı)","Tamamlandı","places/meryem-ana-katedrali.json","Şam'ın Hristiyan mahallesinde Rum Ortodoks patrikliğinin merkezi. 706'da Emevî Camii'ne karşılık Hristiyanlara bırakılan kilise. Giriş ücretsiz, ziyaret notları.","2026-08-20"
"midhat-pasa-carsisi","place","SAM","Midhat Paşa Çarşısı","Souq Midhat Pasha","سوق مدحت باشا","Şam · çarşı","YAYINDA","Alkolsüz (Doğrulandı)","Tamamlandı","places/midhat-pasa-carsisi.json","Doğru Sokak'ın üstü örtülü batı bölümü; adını 1878'de çarşıyı yeniden düzenleten Osmanlı valisinden alıyor. Kumaş ve abaya sırası, Roma caddesi üstünde.","2026-08-20"
"nureddin-bimaristani","place","SAM","Nureddin Bimaristanı","The Nur al-Din Bimaristan","البيمارستان النوري","Şam · 12. yüzyıl","YAYINDA","Alkolsüz (Doğrulandı)","Tamamlandı","places/nureddin-bimaristani.json","1154'te kurulan ortaçağ hastanesi ve tıp okulu: dört eyvanlı avlu, mukarnaslı taçkapı ve bugün içinde çalışan Arap Bilim ve Tıp Tarihi Müzesi. Camiden on dakika.","2026-08-20"
"nureddin-hamami","place","SAM","Nureddin Hamamı","The Hammam Nur al-Din","حمّام نور الدين","Şam · 12. yüzyıl","YAYINDA","Alkolsüz (Doğrulandı)","Tamamlandı","places/nureddin-hamami.json","12. yüzyıldan kalma ve hâlâ çalışan bir hamam: Bzuriye Çarşısı'nın içinde, sıradan görünen bir kapının altında. Müze değil, gerçekten yıkanılan bir yer.","2026-08-20"
"selahaddin-turbesi","place","SAM","Selahaddin Eyyubi Türbesi","The Mausoleum of Saladin","ضريح صلاح الدين","Şam · 12. yüzyıl","YAYINDA","Alkolsüz (Doğrulandı)","Tamamlandı","places/selahaddin-turbesi.json","Emevî Camii'nin kuzey duvarına bitişik, 1196'da yapılmış küçük kubbeli türbe. İçeride iki sanduka var ve hangisinin gerçek olduğu şaşırtıcı bir hikâye.","2026-08-20"
"tedmur-kalesi","place","TEDMUR","Tedmür Kalesi","Palmyra Castle","قلعة تدمر","Tedmür · ortaçağ","YAYINDA","Alkolsüz (Doğrulandı)","Tamamlandı","places/tedmur-kalesi.json","Kalıntıların batısındaki tepede duran ortaçağ Arap kalesi. Tedmür'ün tamamını tek kareye sığdıran tek nokta; gün batımından bir saat önce yukarı çıkılıyor.","2026-08-20"
"tedmur-kalintilari","place","TEDMUR","Tedmür Kalıntıları","The Palmyra Ruins","آثار تدمر","Tedmür · MS 1.–3. yüzyıl","YAYINDA","Alkolsüz (Doğrulandı)","Tamamlandı","places/tedmur-kalintilari.json","Bir kilometreyi aşan sütunlu cadde, Roma tiyatrosu ve mezar kuleleri. Tedmür kalıntılarında ne kaldı, gezmek ne kadar sürer, ne zaman gidilir, gölge nerede.","2026-08-20"
"tekkiye-suleymaniye","place","SAM","Tekkiye Süleymaniye Külliyesi","The Takiyya al-Sulaymaniyya","التكية السليمانية","Şam · 16. yüzyıl","YAYINDA","Alkolsüz (Doğrulandı)","Tamamlandı","places/tekkiye-suleymaniye.json","Mimar Sinan'ın Şam'daki tek eseri: Barada kıyısında, 1560'ta biten, kalem gibi çift minareli bir Osmanlı külliyesi. Bugün avlusunda el sanatları çarşısı kurulu.","2026-08-20"
"ugarit-hoyugu","place","LAZKIYE","Ugarit","Ugarit","أوغاريت","Lazkiye · MÖ 2. binyıl","YAYINDA","Alkolsüz (Doğrulandı)","Tamamlandı","places/ugarit-hoyugu.json","Lazkiye'nin 11 kilometre kuzeyinde, alfabenin en eski örneklerinden birinin bulunduğu höyük. Tunç Çağı sarayı, gezmek ne kadar sürer ve ne zaman gidilir.","2026-08-20"
"ummuz-zunnar-kilisesi","place","HUMUS","Ümmü'z-Zünnar Kilisesi","Church of the Holy Belt","كنيسة أم الزنّار","Humus · kilise","YAYINDA","Alkolsüz (Doğrulandı)","Tamamlandı","places/ummuz-zunnar-kilisesi.json","Humus'un eski şehrinde Süryani Ortodoks kilisesi. Adını sakladığı kuşaktan alıyor; yerin altındaki alçak tavanlı bölüm yapının en eski kısmı. Ziyaret notları.","2026-08-20"
"vadi-el-kubur","place","TEDMUR","Vadi el-Kubur mezar kuleleri","The tower tombs of the Valley of the Tombs","أبراج المدافن في وادي القبور","Tedmür · MS 1.–2. yüzyıl","YAYINDA","Alkolsüz (Doğrulandı)","Tamamlandı","places/vadi-el-kubur.json","Tedmür'ün batısındaki vadide, kare planlı çok katlı taş mezar kuleleri. Tedmürlü ailelerin ölülerini kat kat nasıl gömdüğünü anlatan tek yer; araç gerekiyor.","2026-08-20"
"bakdas-dondurmacisi","food","SAM","Bakdaş Dondurmacısı","Bakdash Ice Cream","بوظة بكداش","Şam · booza","YAYINDA","Alkolsüz (Doğrulandı)","Tamamlandı","food/bakdas-dondurmacisi.json","Hamidiye Çarşısı'nın ortasında, 1885'ten beri aynı dükkân. Booza sahlep ve sakızla yapılıyor, tahta tokmaklarla dövülüyor ve bütün işlem tezgâhın önünde geçiyor.","2026-08-20"
"nevfara-kahvesi","food","SAM","Nevfara Kahvesi","Al-Nawfara Café","مقهى النوفرة","Şam · kahvehane","YAYINDA","Alkolsüz (Doğrulandı)","Tamamlandı","food/nevfara-kahvesi.json","Emevî Camii'nin doğu kapısından inen merdivenin dibinde, Şam'ın en eski kahvehanesi. Hakawati her akşam 20:00'de iskemleye çıkıyor ve yarım saat okuyor.","2026-08-20"
"halep-kaleden-camiye","route","HALEP","Halep'te kaleden camiye","Aleppo from the citadel to the mosque","حلب من القلعة إلى الجامع","Yürüyerek · 5 saat","YAYINDA","Alkolsüz (Doğrulandı)","Tamamlandı","routes/halep-kaleden-camiye.json","Kaleden başlayıp çarşı boyunca batıya yürüyen, Ulu Camii'de biten bir güzergâh. Üç durak, 1,6 kilometre; tamamı kapalı ve gölgede, yürümesi gün boyu sürüyor.","2026-08-20"
"hamidiyeden-emeviye-yedi-durak","route","SAM","Hamidiye'den Emevî'ye yedi durak","Seven stops from the Hamidiyya to the Umayyad Mosque","سبع محطات من الحميدية إلى الجامع الأموي","Yürüyerek · 4 saat","YAYINDA","Alkolsüz (Doğrulandı)","Tamamlandı","routes/hamidiyeden-emeviye-yedi-durak.json","Hamidiye'nin ışık delikli çatısından Emevî Camii'nin avlusuna yedi durak. Toplam 600 metre, duraklar arası en fazla 150 — eski Şam'ın çekirdeği adım adım.","2026-08-20"
"humustan-krak-yarim-gun","route","HUMUS","Humus'tan Krak des Chevaliers'a yarım gün","Homs to Krak des Chevaliers in half a day","من حمص إلى قلعة الحصن في نصف يوم","Araçla · yarım gün","YAYINDA","Alkolsüz (Doğrulandı)","Tamamlandı","routes/humustan-krak-yarim-gun.json","Şehrin kuzeyinden çıkıp geçidin ağzındaki göle, oradan dağdaki kaleye. Üç durak, 80 kilometre; sabah çıkıp akşam yemeğine Humus'a dönülüyor. Araç gerekiyor.","2026-08-20"
"lazkiyeden-krak-des-chevaliersa","route","LAZKIYE","Sahilden kaleye: Lazkiye'den Krak des Chevaliers'a","From the coast to the castle: Latakia to Krak des Chevaliers","من الساحل إلى القلعة: من اللاذقية إلى قلعة الحصن","Araçla · 1 gün","YAYINDA","Alkolsüz (Doğrulandı)","Tamamlandı","routes/lazkiyeden-krak-des-chevaliersa.json","Tunç Çağı limanından iki Haçlı kalesine, araçla ve tek günde. Üç durak ve 145 kilometre: mesafe, zamanlama ve dağ yolunun hangi saatte en iyi göründüğü.","2026-08-20"
"sam-eski-sehir-bir-gun","route","SAM","Eski Şam'da bir gün","Old Damascus in a day","دمشق القديمة في يوم","Yürüyerek · 6 saat","YAYINDA","Alkolsüz (Doğrulandı)","Tamamlandı","routes/sam-eski-sehir-bir-gun.json","Bab Şarki'den başlayıp Emevî Camii'nde biten, surların içinde kalan bir güzergâh. Beş durak, tamamı yürünebilir: ara vermeden altı saat, ara vererek bir gün.","2026-08-20"
"sam-hristiyan-mahallesi-yuruyusu","route","SAM","Şam'ın Hristiyan mahallesinde yürüyüş: Bab Şarki'den Bab Kisan'a","A walk through the Christian quarter of Damascus: Bab Sharqi to Bab Kisan","جولة مشي في الحي المسيحي بدمشق: من الباب الشرقي إلى باب كيسان","Yürüyerek · 2 saat","YAYINDA","Alkolsüz (Doğrulandı)","Tamamlandı","routes/sam-hristiyan-mahallesi-yuruyusu.json","Şam'ın Hristiyan mahallesinde 900 metre, üç durak: Roma doğu kapısı, sokağın altındaki şapel ve kilise cephesine dönüşmüş bir kapı. Sıra ve saat önemli.","2026-08-20"
"tedmurde-bir-gun","route","TEDMUR","Tedmür'de bir gün","A day in Palmyra","يوم في تدمر","Araçla ve yürüyerek · 1 gün","YAYINDA","Alkolsüz (Doğrulandı)","Tamamlandı","routes/tedmurde-bir-gun.json","Sütunlu caddeden mezar kulelerine, oradan kaleye. Üç durak, 16 kilometre, uzun bir gün — sıralamayı mesafe değil çölün ışığı belirliyor, öğle boş geçiyor.","2026-08-20"
"selahaddin-kalesi","place","LAZKIYE","Selahaddin Kalesi","","","Mekan","KUYRUKTA","Alkolsüz (Doğrulandı)","P1 - Yüksek (Kuyrukta)","content/kuyruk.json","aday havuzu onaylandi 2026-08-20; lazkiye kumesi 3 mekanda, en zayif kume","2026-08-20"
"mar-semaan-aziz-simeon-kilisesi-","place","HALEP","Mar Semaan (Aziz Simeon Kilisesi)","","","Mekan","KUYRUKTA","Alkolsüz (Doğrulandı)","P1 - Yüksek (Kuyrukta)","content/kuyruk.json","aday havuzu onaylandi 2026-08-20; halep kumesini 6'ya cikariyor","2026-08-20"
"fatteh-al-bawadekji-midan","food","SAM","Fetteci el-Bevâdıkcî (El-Meydan)","Fatteh Al-Bawadekji (Al-Midan)","فتة البوادقجي في الميدان","Geleneksel Şam Kahvaltısı / Fatteh","YAYINLANABİLİR","Alkolsüz (Doğrulandı)","P1 - Yüksek","-","Kızgın tereyağı ve çam fıstığıyla cızırdayan yoğurtlu tahinli nohut fettesinde Şam klasiği","2026-08-20"
"abu-arab-haider-tatlicisi-midan","food","SAM","Ebu Arab Haydar Tatlıcısı (El-Meydan)","Abou Arab Haider Sweets (Al-Midan)","حلويات أبو عرب حيدر","Geleneksel Tatlıcı / Barazek & Baklava","YAYINLANABİLİR","Alkolsüz (Doğrulandı)","P1 - Yüksek","-","Meydan Caddesi’nde fıstıklı barazek, ghorayeba ve taze Şam baklavası ustası","2026-08-20"
"semiramis-tatlicisi-damascus","food","SAM","Semiramis Tatlıcısı (Al-Shaalan)","Semiramis Sweets Damascus","حلويات سميراميس","Geleneksel Lüks Baklavacı","YAYINLANABİLİR","Alkolsüz (Doğrulandı)","P1 - Yüksek","-","1950’den beri saf koyun sadeyağı ve bol Halep fıstığıyla yapılan ünlü Şam baklavası","2026-08-20"
"el-cezmatiye-caddesi-meydan","food","SAM","El-Cezmatiye Caddesi Sokak Lezzetleri","Al-Jazmatiya Food Street (Al-Midan)","شارع الجزماتية في الميدان","Yöresel Mutfak / Fatteh, Şavurma & Fırın","YAYINLANABİLİR","Alkolsüz (Doğrulandı)","P1 - Yüksek","-","Şam mutfağının kalbi; nohutlu tahinli fatteh, kuzu çevirme ve fıstıklı tatlı koridoru","2026-08-20"
"diwan-al-muhanna-tatlicisi","food","SAM","Divan el-Mühenna Tatlıcısı","Diwan Al Muhanna Sweets","حلويات ديوان المهنا","Geleneksel Tatlıcı / Mabroumeh & Künefe","YAYINLANABİLİR","Alkolsüz (Doğrulandı)","P2 - Orta","-","Fıstık dolgulu bükme kadayıf (Mabroumeh) ve ashta dolgulu Halawet el-Jibn çeşitleri","2026-08-20"
"al-ayoubi-tatlicisi-rukn-al-din","food","SAM","El-Eyyubi Tatlıcısı (Rukneddin)","Al-Ayoubi Sweets (Rukn al-Din)","حلويات الأيوبي","Geleneksel Künefe & Nammoura","YAYINLANABİLİR","Alkolsüz (Doğrulandı)","P2 - Orta","-","Sıcak tepsilerde sunulan sünme peynirli Şam künefesi ve kaymaklı nammoura","2026-08-20"
"abu-shaker-meyve-kokteyli","food","SAM","Ebu Şakir Meyve & Kaymak Kokteylcisi","Abu Shaker Fruit Cocktail (Salhiyeh)","عصير وكوكتيل أبو شاكر","Geleneksel Taze Meyve & Ashta Barı","YAYINLANABİLİR","Alkolsüz (Doğrulandı)","P1 - Yüksek","-","Salhiye’de 1950’lerden beri taze meyve püresi, bal, taze kaymak (ashta) ve kaju/fıstık kokteyli","2026-08-20"
"al-khawaja-foul-hummus-sarouja","food","SAM","El-Hâce Bakla & Humusçusu (Saruca)","Al-Khawaja Foul & Hummus (Sarouja)","فول وحمص الخواجة بساروجة","Geleneksel Bakla, Humus & Msabbaha","YAYINLANABİLİR","Alkolsüz (Doğrulandı)","P1 - Yüksek","-","Saruca çarşısında zeytinyağlı, sarımsaklı ve kimyonlu sıcak bakla tabağı","2026-08-20"
"furn-al-sabounji-manakish","food","SAM","Sabuncu Taş Fırını (Eski Şam Menâkiş)","Al-Sabounji Traditional Oven (Old Damascus)","فرن الصابونجي في دمشق القديمة","Tarihi Taş Fırın / Zahter & Peynirli Ekmek","YAYINLANABİLİR","Alkolsüz (Doğrulandı)","P2 - Orta","-","Odun ateşinde pişirilen zeytinyağlı dağ kekiği (zatar) ve Akka peynirli sıcak menâkiş","2026-08-20"
"al-koussa-tatlicisi-midan","food","SAM","El-Kûsa Tatlıcısı (El-Meydan)","Al-Koussa Sweets (Al-Midan)","حلويات الكوسا","Geleneksel Maamoul & Ghorayeba","YAYINLANABİLİR","Alkolsüz (Doğrulandı)","P2 - Orta","-","Hurmalı ve fıstıklı kalıp kurabiyesi Maamoul ile ağızda dağılan Ghorayeba ustası","2026-08-20"
"rawda-kahvesi-damascus","food","SAM","Ravza Kahvesi (El-Kassa / Şam)","Al-Rawda Cafe Damascus","مقهى الروضة في دمشق","Tarihi Bahçe Kahvehanesi / Çay & Nargile","YAYINLANABİLİR","Alkolsüz (Doğrulandı)","P1 - Yüksek","-","Yazarların, gazetecilerin ve satranç tutkunlarının asırlık buluşma noktası; adaçayı ve kakuleli kahve","2026-08-20"
"al-kamal-kahvesi-salhiye","food","SAM","Kemal Kahvesi (Salhiye)","Al-Kamal Historic Cafe","مقهى الكمال في الصالحية","1930’lar Klasik Şam Kahvehanesi","YAYINLANABİLİR","Alkolsüz (Doğrulandı)","P2 - Orta","-","Fransız manda döneminden kalan tavan aynaları ve geleneksel pirinç cezve kahvesi","2026-08-20"
"anas-shawarma-damascus","food","SAM","Enes Şavurma (El-Meydan & Shaalan)","Anas Shawarma Damascus","شاورما أنس","Suriye Usulü Kuzu & Tavuk Şavurma","YAYINLANABİLİR","Alkolsüz (Doğrulandı)","P1 - Yüksek","-","İncecik sac ekmeğinde, sarımsaklı toum sosu ve kornişon turşuyla preslenen efsane şavurma","2026-08-20"
"al-siddiq-lokantasi-midan","food","SAM","El-Sıddık Geleneksel Şam Lokantası","Al-Siddiq Traditional Restaurant (Al-Midan)","مطعم الصديق في الميدan","Geleneksel Güveç & Kuzu Dolma","YAYINLANABİLİR","Alkolsüz (Doğrulandı)","P2 - Orta","-","Kuzu kaburga dolması, fıstıklı iç pilav ve taze Şam güveçleri","2026-08-20"
"souq-al-buzuriyah-serbetcileri","food","SAM","Büzüriye Meyan Kökü & Demirhindi Şerbetçisi","Buzuriyah Traditional Sherbet Vendors","بائعو عرق السوس والتمر هندي في البزورية","Sokak İçeceği / Geleneksel Şerbet","YAYINLANABİLİR","Alkolsüz (Doğrulandı)","P1 - Yüksek","-","Sırtlarındaki dev pirinç güğümler ve pirinç zillerle buzlu meyan kökü (Erk Sûs) ve demirhindi dağıtan seyyarlar","2026-08-20"
"daoud-brothers-halawet-el-jibn","food","SAM","Davut Kardeşler Tatlıcısı (Eski Şam)","Daoud Brothers Sweets","حلويات الإخوة داود","","YAYINLANABİLİR","Alkolsüz (Doğrulandı)","P2 - Orta","-","Günlük taze manda kaymağıyla doldurulan gül sulu Halawet el-Cibn","2026-08-20"
"falafel-abu-hana-bab-touma","food","SAM","Ebu Hanna Falafelcisi (Bab Tuma)","Abu Hanna Falafel (Bab Touma)","فلافل أبو حنا بباب توما","Tarihi Çıtır Falafel & Tarator","YAYINLANABİLİR","Alkolsüz (Doğrulandı)","P2 - Orta","-","Kişniş ve nohutla taze çekilip susamla kızartılan sıcak Şam falafeli","2026-08-20"
"al-mahrousa-tatlicisi-damascus","food","SAM","El-Mahruse Tatlıcısı","Al-Mahrousa Sweets Damascus","حلويات المحروسة","Geleneksel Kadayıf & Awameh","YAYINLANABİLİR","Alkolsüz (Doğrulandı)","P2 - Orta","-","Çıtır lokma tatlısı Awameh ve cevizli fıstıklı çıtır kuru kadayıf","2026-08-20"
"halep-visneli-kebabi","food","HALEP","Geleneksel Halep Vişneli Kebabı (Lahm bi Karaz)","Aleppine Cherry Kebab (Lahm bi Karaz)","كباب بالكرز الحلبي","Geleneksel Halep Mutfağı","YAYINLANABİLİR","Alkolsüz (Doğrulandı)","P1 - Yüksek","-","Yabani vişne suyu (veşne), tarçın ve çam fıstığıyla pide üzerinde sunulan Halep mutfağı imzası","2026-08-20"
"al-mamouniyeh-breakfast-jdeideh","food","HALEP","Memuniye Kahvaltıcısı (Al-Hatab Meydanı)","Al-Mamouniyeh Traditional Breakfast","المأمونية الحلبية في ساحة الحطب","Geleneksel İrmik Helvası & Örgü Peynir","YAYINLANABİLİR","Alkolsüz (Doğrulandı)","P1 - Yüksek","-","Tereyağında kavrulan sıcak şerbetli irmik tatlısının yanında tuzlu Halep tel peyniriyle sunulan sabah kahvaltısı klasiği","2026-08-20"
"kebabji-abu-asaad-aleppo","food","HALEP","Kebapçı Ebu Esad (Babü’l-Ferec)","Kebabji Abu Asaad (Bab al-Faraj)","كبابجي أبو أسعد بباب الفرج","Közde Halep Kebabı & Haşhaş Kebap","YAYINLANABİLİR","Alkolsüz (Doğrulandı)","P1 - Yüksek","-","Közlenmiş sarımsak, acı biber ve kuzu boşluğundan çekilen geleneksel Haşhaş kebabı","2026-08-20"
"kibbeh-sajiyyeh-souq-al-madina","food","HALEP","Medine Çarşısı Saç Orukçusu (Kibbeh Sajiyyeh)","Souq al-Madina Saj Kibbeh","كبة صاجية في سوق المدينة","Geleneksel Halep İçli Köftesi","YAYINLANABİLİR","Alkolsüz (Doğrulandı)","P1 - Yüksek","-","İki ince bulgur diski arasına ceviz, nar ekşisi ve kuzu kıyması konularak saçta pişen oruk","2026-08-20"
"patisserie-al-sharq-aleppo","food","HALEP","Şark Pastanesi (Al-Aziziyah / Halep)","Patisserie Al-Sharq Aleppo","حلويات الشرق بحلب","Geleneksel Beyaz Kadayıf (Ballourieh)","YAYINLANABİLİR","Alkolsüz (Doğrulandı)","P1 - Yüksek","-","Kızartılmadan fırınlanan bembeyaz kadayıf arasına bol yeşil Halep fıstığı dolgulu Ballourieh","2026-08-20"
"al-qudsi-foul-falafel-aleppo","food","HALEP","El-Kudsî Bakla & Falafelcisi","Al-Qudsi Foul & Falafel (Aleppo)","فول وفلافل القدسي","Halep Usulü Kimyonlu Bakla & Humus","YAYINLANABİLİR","Alkolsüz (Doğrulandı)","P2 - Orta","-","Tahin ve süzme yoğurtla çırpılmış ılık bakla ezmesi ve taze sıcak falafel","2026-08-20"
"kebab-al-kassab-halep","food","HALEP","Kasap Kebapçısı (Bakırcılar Çarşısı)","Kebab Al-Kassab (Souq al-Nahhasin)","كباب القصاب بسوق النحاسين","Közde Patlıcanlı & Fıstıklı Kebap","YAYINLANABİLİR","Alkolsüz (Doğrulandı)","P1 - Yüksek","-","Bakırcıların çekiç sesleri arasında odun kömüründe pişen zırh kebabı","2026-08-20"
"qahwat-al-hatab-jdeideh","food","HALEP","Hatab Meydanı Tarihi Kahvesi","Cafe Sahat al-Hatab (Jdeideh)","مقهى ساحة الحطب","Tarihi Meydan Kahvesi / Çay & Kahve","YAYINLANABİLİR","Alkolsüz (Doğrulandı)","P1 - Yüksek","-","Al-Jdeideh mahallesinin kalbinde taş kemerler altında taze nane çayı ve kakuleli süvari kahvesi","2026-08-20"
"al-fustuq-halep-tatlicisi","food","HALEP","El-Fustuk Halep Baklavacısı","Al-Fustuq Sweets Aleppo","حلويات الفستق الحلبية","Geleneksel Fıstıklı Halep Tatlıları","YAYINLANABİLİR","Alkolsüz (Doğrulandı)","P2 - Orta","-","Köpük kremalı Karabiç ve fıstık ezmeli taze Halep sarması","2026-08-20"
"furn-al-jdeideh-lahmacun","food","HALEP","El-Cedide Taş Fırını (Halep Lahmacunu)","Al-Jdeideh Oven (Aleppo Sfiha)","فرن الجديدة للصفيحة الحلبية","Taş Fırında Nar Ekşili Lahmacun / Sfiha","YAYINLANABİLİR","Alkolsüz (Doğrulandı)","P2 - Orta","-","Kuzu kıyması, nar ekşisi ve çam fıstığıyla çıtır hamurda fırınlanan Halep usulü Sfiha","2026-08-20"
"matbakh-al-kallaseh-kebap","food","HALEP","Kallâse Kebap & Kuzu Fırın Evi","Al-Kallaseh Traditional Grills","مطعم الكلاسة للمشاوي","Geleneksel Kuzu Pirzola & Kebap","YAYINLANABİLİR","Alkolsüz (Doğrulandı)","P2 - Orta","-","Kömür ateşinde marine kuzu şiş ve acılı Halep ezmesi","2026-08-20"
"qahwat-al-masa-citadel-view","food","HALEP","Masa Kale Manzaralı Çay Bahçesi","Al-Masa Citadel View Tea Garden","مقهى المساء المطل على القلعة","Manzaralı Tarihi Çay Ocağı","YAYINLANABİLİR","Alkolsüz (Doğrulandı)","P1 - Yüksek","-","Halep Kalesi’nin aydınlatılmış burçlarına karşı semaver çayı ve nargile","2026-08-20"
"halep-muhammara-ve-meze-evi","food","HALEP","Geleneksel Halep Muhammara & Meze Evi","Traditional Aleppine Muhammara House","بيت المحمرة والمقبلات الحلبية","Yöresel Meze / Muhammara & Mutabbal","YAYINLANABİLİR","Alkolsüz (Doğrulandı)","P2 - Orta","-","Ceviz, kuru biber salçası, kimyon ve nar ekşisiyle taş havanda dövülen tescilli Halep Muhammarası","2026-08-20"
"al-sultan-sweets-aleppo","food","HALEP","Sultan Tatlıcısı (Babü’l-Ferec)","Al-Sultan Sweets Aleppo","حلويات السلطان بحلب","Geleneksel Kadayıf & Şuaibiyat","YAYINLANABİLİR","Alkolsüz (Doğrulandı)","P2 - Orta","-","Fıstık dolgulu çıtır katmer Şuaibiyat ve taze tereyağlı burma kadayıf","2026-08-20"
"hama-halawet-el-jibn","food","HAMA","Geleneksel Halavet el-Cibn (El-Hâzır / Hama)","Traditional Halawet el Jibn of Hama","حلاوة الجبن الحموية الأصلية","Tescilli Peynir Tatlısı","YAYINLANABİLİR","Alkolsüz (Doğrulandı)","P0 - Acil (Hama Açılışı)","-","Peynir ve irmikle yapılan, kaymak (ashta) dolgulu Hama’nın tescilli tatlısı","2026-08-20"
"halawiyat-salloura-hama-1870","food","HAMA","Sellûre Tatlıcısı (Hama 1870)","Salloura Sweets Hama (Est. 1870)","حلويات سلورة بحماة","Asırlık Tatlı Ekolü / Halawet el-Jibn","YAYINLANABİLİR","Alkolsüz (Doğrulandı)","P0 - Acil (Hama Açılışı)","-","1870’te Hama’da kurulan ve tüm Ortadoğu’ya yayılan Halavet el-Cibn’in ilk tescilli ustaları","2026-08-20"
"batarsh-hamawi-lokantasi","food","HAMA","Geleneksel Batarş Lokantası (Hama)","Batarsh Hamawi Traditional Restaurant","مطعم البطرش الحموي","Yöresel Hama Yemeği / Batarş","YAYINLANABİLİR","Alkolsüz (Doğrulandı)","P0 - Acil (Hama Açılışı)","-","Közlenmiş patlıcan, süzme yoğurt, tahin ve üzerinde cevizli kavrulmuş kuzu kıymasıyla Hama’nın imza yemeği","2026-08-20"
"matam-al-noria-hama","food","HAMA","Noria Su Dolabı Çay & Yemek Bahçesi","Al-Noria Riverside Restaurant (Hama)","مطعم النواعير على نهر العاصي","Nehir Kıyısı Aile Lokantası","YAYINLANABİLİR","Alkolsüz (Doğrulandı)","P1 - Yüksek","-","Asi Nehri ve ahşap su dolaplarının sesi eşliğinde ızgara etler ve demlik çay","2026-08-20"
"foul-wa-fatteh-abu-nazir-hama","food","HAMA","Ebu Nazir Bakla & Fettecisi (Hama Çarşısı)","Abu Nazir Foul & Fatteh (Hama)","فول وفتة أبو نذير بحماة","Geleneksel Kahvaltı Durağı","YAYINLANABİLİR","Alkolsüz (Doğrulandı)","P1 - Yüksek","-","Tahinli ve zeytinyağlı sıcak bakla ile nar taneli Hama fettesı","2026-08-20"
"halawiyat-al-afandi-hama","food","HAMA","Efendi Tatlıcısı (Hama)","Al-Afandi Sweets Hama","حلويات الأفندي بحماة","Geleneksel Şuaibiyat & Peynir Helvası","YAYINLANABİLİR","Alkolsüz (Doğrulandı)","P2 - Orta","-","Fırından yeni çıkan sıcak kaymaklı Şuaibiyat ve taze sarma peynir helvası","2026-08-20"
"humus-majouqa-firin-lokantasi","food","HUMUS","Geleneksel Mec’uka Fırın Lokantası (Humus)","Traditional Majouqa Oven (Homs)","المعجوقة الحمصية الأصلية","Yöresel Humus Yemeği / Majouqa","YAYINLANABİLİR","Alkolsüz (Doğrulandı)","P1 - Yüksek","-","Kaşar peyniri, mantar ve cevizle doldurulup közde pişirilen iki katlı kuzu köftesi Mec’uka","2026-08-20"
"halawiyat-al-dura-homs","food","HUMUS","Dürre Tatlıcısı (Humus)","Al-Dura Sweets Homs","حلويات الدرة بحمص","Humus Usulü Halawet el-Jibn & Kadayıf","YAYINLANABİLİR","Alkolsüz (Doğrulandı)","P1 - Yüksek","-","Humus usulü kalın kaymaklı peynir tatlısı ve fıstıklı sıcak tel kadayıf","2026-08-20"
"foul-al-rifai-homs","food","HUMUS","Rifaî Baklacısı (Bab Hood / Humus)","Al-Rifai Foul & Hummus (Homs)","فول الرفاعي في حمص","Tarihi Bakla & Humus Çarşısı","YAYINLANABİLİR","Alkolsüz (Doğrulandı)","P2 - Orta","-","Sarımsak, kimyon ve taze zeytinyağıyla bakır sahanlarda servis edilen geleneksel sabah baklası","2026-08-20"
"qahwat-al-rawda-homs","food","HUMUS","Ravza Tarihi Çarşı Kahvesi (Humus)","Al-Rawda Historic Cafe (Homs)","مقهى الروضة في حمص القديمة","Tarihi Çarşı Kahvehanesi","YAYINLANABİLİR","Alkolsüz (Doğrulandı)","P2 - Orta","-","Eski Humus çarşısında asırlık taş kemerler altında kakuleli kahve ve nane çayı","2026-08-20"
"al-mina-balik-lokantasi-lazkiye","food","LAZKIYE","Liman Balıkçısı (Lazkiye Tarihi Liman)","Al-Mina Seafood Restaurant (Latakia)","مطعم الميناء للأسماك في اللاذقية","Taze Akdeniz Balığı & Seyyadiye","YAYINLANABİLİR","Alkolsüz (Doğrulandı)","P1 - Yüksek","-","Alkolsüz aile ortamında taze ızgara lahoz, kaya balığı ve baharatlı balık pilavı Seyyadiye","2026-08-20"
"halawiyat-al-bahlawan-lazkiye","food","LAZKIYE","Pehlivan Narenciye Tatlıcısı (Lazkiye)","Al-Bahlawan Citrus Sweets (Latakia)","حلويات البهلوان باللاذقية","Yöresel Turunç Tatlıları & Cezerye","YAYINLANABİLİR","Alkolsüz (Doğrulandı)","P1 - Yüksek","-","Lazkiye narenciyelerinden yapılan taze turunç kabuğu tatlısı, fıstıklı cezerye ve incir reçelleri","2026-08-20"
"furn-al-kessab-dag-firini","food","LAZKIYE","Kesep Dağ Fırını (Zahter & Çökelekli Ekmek)","Kessab Mountain Bakery","أفران كسب الجبلية للزعتر والمناقيش","Dağ Köyü Fırını / Biberli Ekmek","YAYINLANABİLİR","Alkolsüz (Doğrulandı)","P1 - Yüksek","-","800m rakımda dağ kekiği, taze çökelek ve biber salçasıyla taş fırında pişen sıcak Kesep ekmekleri","2026-08-20"
"qahwat-al-bahr-lazkiye","food","LAZKIYE","Deniz Kıyısı Tarihi Sahil Kahvesi","Al-Bahr Seaside Cafe (Latakia Corniche)","مقهى البحر على كورنيش اللاذقية","Sahil Çay & Kahvehanesi","YAYINLANABİLİR","Alkolsüz (Doğrulandı)","P2 - Orta","-","Akdeniz dalgaları eşliğinde taze limonata, süvari kahvesi ve nargile","2026-08-20"
"qahwat-al-jazira-arwad","food","TARTUS","Ada İskele Kahvesi (Arwad Adası)","Arwad Island Fishermen Cafe","مقهى جزيرة أرواد على المرفأ","Tarihi Ada Kahvehanesi","YAYINLANABİLİR","Alkolsüz (Doğrulandı)","P1 - Yüksek","-","Geleneksel ahşap teknelerin bağlandığı rıhtımda balıkçıların sabah çayı ve kakuleli kahvesi","2026-08-20"
"matam-al-marsa-tartus","food","TARTUS","El-Mersâ Sahil Balık Lokantası (Tartus)","Al-Marsa Seafood Restaurant (Tartus)","مطعم المرسى للمأكولات البحرية بطرطوس","Taze Balık & Tahinli Fırın Balığı","YAYINLANABİLİR","Alkolsüz (Doğrulandı)","P1 - Yüksek","-","Tahin ve ceviz sosunda fırınlanan Akdeniz balığı (Siniyet Samak) ve taze deniz mezeleri","2026-08-20"
"tedmur-bedevi-mandi-sofrasi","food","TEDMUR","Tedmür Bedevi Mandi Sofrası (Vaha)","Palmyra Bedouin Mandi & Lamb Roast","المندي البدوي التدمري في الواحة","Geleneksel Çöl Mutfağı / Mandi & Kuzu","YAYINLANABİLİR","Alkolsüz (Doğrulandı)","P1 - Yüksek","-","Hurma ağaçları altında kuyu ateşinde ağır ağır pişen kuzu eti, safranlı pilav ve adaçayı","2026-08-20"
"havran-mansaf-ve-mleihi-evi","food","SUVEYDA","Geleneksel Havran Mleyhi & Mansaf Evi (Süveyda)","Traditional Hawran Mleihi & Mansaf","المليحي الحوراني والمناسف","Yöresel Havran Mutfağı / Mleyhi","YAYINLANABİLİR","Alkolsüz (Doğrulandı)","P1 - Yüksek","-","Kurutulmuş yoğurt (cemid), iri bulgur, kuzu eti ve kızgın sadeyağla hazırlanan güney Suriye’nin şölen yemeği","2026-08-20"
"hama-su-dolaplari-noria","place","HAMA","Hama Su Dolapları (Noria)","Norias of Hama","نواعير حماة","Tarihi Su Çarkı / Mühendislik Mirası","YAYINLANABİLİR","Alkolsüz (Doğrulandı)","P0 - Acil (Hama Açılışı)","-","Asi Nehri üstündeki 17 dev ahşap su dolabı, Eyyubi/Memluk dönemi, UNESCO Geçici Liste","2026-08-20"
"apamea-antik-kenti","place","HAMA","Afamiya (Apamea) Antik Kenti","Apamea Colonnaded Street","أفاميا","Helenistik / Roma Antik Kenti","YAYINLANABİLİR","Alkolsüz (Doğrulandı)","P0 - Acil (Hama Açılışı)","-","2 km uzunluğundaki dünyanın en uzun sütunlu caddelerinden biri","2026-08-20"
"hama-noria-ve-asi-nehri-rotasi","route","HAMA","Hama Su Dolapları ve Asi Nehri Yürüyüşü","Hama Norias & Orontes River Walk","مسار نواعير حماة ونهر العاصي","Yürüyüş Rotası","YAYINLANABİLİR","Alkolsüz (Doğrulandı)","P0 - Acil (Hama Açılışı)","-","El-Muhammediye ve El-Cebriye dolapları boyunca 2 saatlik nehir boyu yürüyüş","2026-08-20"
"masyaf-kalesi","place","HAMA","Masyaf Kalesi","Masyaf Castle","قلعة مصياف","Orta Çağ Kalesi / Nizari İsmaili","ARAŞTIRILACAK","Alkolsüz (Doğrulandı)","P1 - Yüksek","-","Raşidüddin Sinan dönemi kalesi, sarnıçlar ve gizli yeraltı tünelleri","2026-08-20"
"qasr-ibn-wardan","place","HAMA","Kasrü İbn Vardan (Bazalt Sarayı)","Qasr Ibn Wardan","قصر ابن وردان","6. Yüzyıl Bizans Sarayı & Kilisesi","ARAŞTIRILACAK","Alkolsüz (Doğrulandı)","P1 - Yüksek","-","Justinianus dönemi, siyah bazalt ve sarı kireçtaşı şeritli eşsiz mimari","2026-08-20"
"hama-azm-sarayi","place","HAMA","Hama Azm Sarayı","Azm Palace of Hama","قصر العظم في حماة","18. Yüzyıl Osmanlı Valilik Sarayı","ARAŞTIRILACAK","Alkolsüz (Doğrulandı)","P2 - Orta","-","Asi Nehri kıyısında Esad Paşa el-Azm tarafından yaptırılan avlulu saray","2026-08-20"
"arwad-adasi-ve-fenike-surlari","place","TARTUS","Arwad Adası ve Fenike Surları","Arwad Island & Phoenician Sea Wall","جزيرة أرواد","Tarihi Ada / Fenike & Haçlı Limanı","ARAŞTIRILACAK","Alkolsüz (Doğrulandı)","P1 - Yüksek","-","Suriye’nin tek meskun adası, geleneksel tekne yapım atölyeleri ve antik deniz surları","2026-08-20"
"amrit-fenike-tapinagi","place","TARTUS","Amrit Fenike Tapınağı ve Stadyumu","Amrit Phoenician Sanctuary & Stadium","موقع عمريت الأثري","MÖ 6. Yüzyıl Fenike Tapınağı","ARAŞTIRILACAK","Alkolsüz (Doğrulandı)","P1 - Yüksek","-","Su havuzu ortasında yükselen eşsiz ma’abed tapınağı ve antik taş stadyum","2026-08-20"
"safita-beyaz-kule-chastel-blanc","place","TARTUS","Safita Kulesi (Chastel Blanc)","Safita Tower (Chastel Blanc)","برج صافيتا","Haçlı Kulesi & Aziz Mikail Şapeli","ARAŞTIRILACAK","Alkolsüz (Doğrulandı)","P1 - Yüksek","-","Zemin katı kilise, üst katı ok mazgallı savunma kulesi olan 28 metre beyaz kule","2026-08-20"
"tartus-meryem-ana-katedrali","place","TARTUS","Tartus Meryem Ana Katedrali","Cathedral of Our Lady of Tortosa","كاتدرائية طرطوس","12. Yüzyıl Romanesk Katedral / Müze","ARAŞTIRILACAK","Alkolsüz (Doğrulandı)","P1 - Yüksek","-","Haçlı döneminden kalan en iyi korunmuş erken Romanesk/Gotik katedral, günümüzde arkeoloji müzesi","2026-08-20"
"tartus-eski-sehir-ve-arwad-rotasi","route","TARTUS","Tartus Katedrali ve Arwad Adası Rotası","Tartus Old Town & Arwad Boat Itinerary","مسار طرطوس القديمة وجزيرة أرواد","Deniz ve Şehir Rotası","ARAŞTIRILACAK","Alkolsüz (Doğrulandı)","P2 - Orta","-","Tartus katedrali, liman yürüyüşü ve Arwad adasına 15 dakikalık tekne geçişi","2026-08-20"
"souq-al-buzuriyah-sam","place","SAM","Büzüriye Çarşısı (Baharatçılar & Şekerlemeciler)","Al-Buzuriyah Souq","سوق البزورية","Tarihi Çarşı","ARAŞTIRILACAK","Alkolsüz (Doğrulandı)","P1 - Yüksek","-","Emevi Camii ile Azm Sarayı arasında; şifalı otlar, gülsuyu, lokum ve kuruyemiş çarşısı","2026-08-20"
"maktab-anbar-sam","place","SAM","Mekteb-i Anber (Maktab Anbar)","Maktab Anbar Cultural Center","مكتب عنبر","19. Yüzyıl Osmanlı Avlulu Konağı","ARAŞTIRILACAK","Alkolsüz (Doğrulandı)","P1 - Yüksek","-","Üç büyük avlusu ve mermer fıskiyeleriyle Şam sivil mimarisinin en görkemli örneği","2026-08-20"
"el-medresetuz-zahiriyye-sam","place","SAM","Zahiriyye Medresesi & Sultan Baybars Türbesi","Al-Madrasa al-Zahiriyya","المدرسة الظاهرية","13. Yüzyıl Memluk Medresesi & Kütüphanesi","ARAŞTIRILACAK","Alkolsüz (Doğrulandı)","P1 - Yüksek","-","Memluk mozaik panoları ve 1277 tarihli Sultan Baybars türbesi","2026-08-20"
"sayyida-ruqayya-camii","place","SAM","Seyyide Rukiyye Camii","Sayyida Ruqayya Mosque","مقام السيدة رقية","Dini Anıt / Ayna ve Çini Mimarisi","ARAŞTIRILACAK","Alkolsüz (Doğrulandı)","P2 - Orta","-","Eski Şam Emevi Camii arkası; İran çini ve ayna işçiliğiyle ünlü anıt cami","2026-08-20"
"sarouja-mahallesi-kucuk-istanbul","place","SAM","Saruca Mahallesi (Küçük İstanbul)","Sarouja Historic Quarter","حي ساروجة","Memluk & Osmanlı Tarihi Mahallesi","ARAŞTIRILACAK","Alkolsüz (Doğrulandı)","P2 - Orta","-","Surların dışındaki ilk İslam mahallesi, Osmanlı paşa konakları ve hamamları","2026-08-20"
"bab-tuma-tarihi-kapisi","place","SAM","Bab Tuma (Aziz Thomas Kapısı)","Bab Touma (Saint Thomas Gate)","باب توما","Roma / Eyyubi Şehir Kapısı","ARAŞTIRILACAK","Alkolsüz (Doğrulandı)","P1 - Yüksek","-","Eski Şam’ın kuzeydoğu kapısı ve Hristiyan mahallesinin ana giriş noktası","2026-08-20"
"khan-al-harir-halep","place","HALEP","İpek Hanı (Hanü’l-Harir)","Khan al-Harir (Silk Caravanserai)","خان الحرير في حلب","16. Yüzyıl Osmanlı Kervansarayı","ARAŞTIRILACAK","Alkolsüz (Doğrulandı)","P1 - Yüksek","-","İpek Yolu tüccarlarının merkezi, restorasyonu tamamlanmış çift katlı avlulu han","2026-08-20"
"masbanat-al-zanabili-sabun-atolyesi","place","HALEP","Zanabili Asırlık Halep Sabunhanesi","Al-Zanabili Traditional Soap Factory","مصبنة الزنابيلي","Geleneksel Zanaat / Defne Sabunu","ARAŞTIRILACAK","Alkolsüz (Doğrulandı)","P1 - Yüksek","-","Zeytinyağı ve defne yağıyla kazanlarda kaynatılıp kule şeklinde kurutulan 800 yıllık Halep sabunu zanaatı","2026-08-20"
"bimaristan-arghun-el-kamili","place","HALEP","Argûn el-Kâmilî Bimaristanı","Bimaristan Arghun al-Kamili","البيمارستان الأرغوني","14. Yüzyıl Memluk Şifahanesi / Müze","ARAŞTIRILACAK","Alkolsüz (Doğrulandı)","P1 - Yüksek","-","Su sesi ve müzikle tedavi uygulanan İslam tıp tarihinin en gelişmiş şifahanelerinden biri","2026-08-20"
"el-cedide-mahallesi-halep","place","HALEP","El-Cedide Tarihi Mahallesi","Al-Jdeideh Historic Quarter","حي الجديدة في حلب","15.–17. Yüzyıl Taş Konak Mahallesi","ARAŞTIRILACAK","Alkolsüz (Doğrulandı)","P1 - Yüksek","-","Beyt Gazale ve Beyt Açıbaş gibi oymalı taş avlulu konaklar ve dar geçitler","2026-08-20"
"mar-siman-manastiri-halep","place","HALEP","Aziz Simeon (Mar Siman) Manastırı","Church of Saint Simeon Stylites","كنيسة مار سمعان العمودي","UNESCO / 5. Yüzyıl Erken Hristiyanlık","ARAŞTIRILACAK","Alkolsüz (Doğrulandı)","P1 - Yüksek","-","Halep’in 30 km kuzeybatısında, sütun azizi Simeon’un 37 yıl yaşadığı tepedeki anıtsal bazilika","2026-08-20"
"bosra-roma-tiyatrosu","place","BOSRA","Bosra Roma Tiyatrosu ve Kalesi","Roman Theatre at Bosra","مسرح بصرى الروماني","UNESCO Dünya Mirası / Antik Tiyatro","ARAŞTIRILACAK","Alkolsüz (Doğrulandı)","P1 - Yüksek","-","Siyah bazalt taşından yapılmış, dünyanın en iyi korunmuş 2. yüzyıl Roma tiyatrosu","2026-08-20"
"bosra-mabrak-en-naka-camii","place","BOSRA","Mebrekü’n-Nâka Camii","Mabrak al-Naqa Mosque","جامع مبرك الناقة","7. Yüzyıl Erken İslam Mescidi","ARAŞTIRILACAK","Alkolsüz (Doğrulandı)","P2 - Orta","-","Hz. Muhammed’in kervanıyla Bosra’ya geldiğinde devesinin çöktüğü rivayet edilen tarihi mekan","2026-08-20"
"sehba-philippopolis-antik-kenti","place","SUVEYDA","Şehba (Philippopolis) Antik Kenti & Mozaikleri","Shahba (Philippopolis) Roman City","شهبا (فيلبوبوليس)","Roma İmparatorluk Şehri / Mozaik Müzesi","ARAŞTIRILACAK","Alkolsüz (Doğrulandı)","P2 - Orta","-","Roma İmparatoru Arap Philip’in doğum yeri, kütüphane, hamam ve mozaikler","2026-08-20"
"qanawat-canatha-tapinaklari","place","SUVEYDA","Kanavat (Canatha) Antik Tapınakları","Qanawat (Canatha) Roman Temples","قنوات (كاناثا)","Dekapolis Şehri / Helios Tapınağı","ARAŞTIRILACAK","Alkolsüz (Doğrulandı)","P2 - Orta","-","Meşe ormanları içinde Helenistik/Roma tapınak kompleksi ve erken Bizans bazilikası","2026-08-20"
"serjilla-antik-koyu","place","IDLIB","Serjilla Antik Köyü (Ölü Şehirler)","Serjilla Ancient Dead City","سيرجيلا (المدن المنسية)","UNESCO / 5. Yüzyıl Bizans Yerleşimi","ARAŞTIRILACAK","Alkolsüz (Doğrulandı)","P1 - Yüksek","-","Zeytinyağı presleri, iki katlı villalar ve hamam kalıntılarıyla ayakta kalan taş yerleşim","2026-08-20"
"el-bara-antik-kenti","place","IDLIB","El-Bara Piramit Mezarları ve Manastırı","Al-Bara Ancient City & Pyramid Tombs","البارة الأثرية","UNESCO / 4.–7. Yüzyıl Antik Şehir","ARAŞTIRILACAK","Alkolsüz (Doğrulandı)","P1 - Yüksek","-","Zeytinlikler arasında dev piramit çatılı anıt mezarlar ve 5 büyük bazilika","2026-08-20"
"malula-mar-takla-manastiri","place","SAM","Malula & Mar Takla Manastırı","Maaloula & Convent of Saint Thecla","معلولا ودير مار تقلا","Aramice Konuşulan Köy / Kanyon Manastırı","ARAŞTIRILACAK","Alkolsüz (Doğrulandı)","P1 - Yüksek","-","Hz. İsa’nın dili Batı Aramice’nin hâlâ konuşulduğu dağ köyü ve tarihi kanyon geçidi","2026-08-20"
"saydnaya-meryem-ana-manastiri","place","SAM","Saydnaya Meryem Ana Manastırı","Our Lady of Saidnaya Monastery","دير سيدة صيدنايا","6. Yüzyıl Bizans Manastırı","ARAŞTIRILACAK","Alkolsüz (Doğrulandı)","P2 - Orta","-","İmparator Justinianus tarafından 547’de kurulan tepe manastırı","2026-08-20"
"deyr-mar-musa-el-habesi","place","SAM","Deyr Mar Musa el-Habeşi Manastırı","Monastery of Saint Moses the Abyssinian","دير مار موسى الحبشي","6. Yüzyıl Çöl Manastırı & Freskleri","ARAŞTIRILACAK","Alkolsüz (Doğrulandı)","P1 - Yüksek","-","Nebek yakınında dik vadide 11. yüzyıl Arapça/Süryanice duvar freskleri","2026-08-20"
"selahaddin-kalesi-sahyun","place","LAZKIYE","Selahaddin Kalesi (Kalat Sahyun)","Citadel of Salah Ed-Din (Sahyun)","قلعة صلاح الدين الأيوبي","UNESCO Dünya Mirası / Dağ Kalesi","ARAŞTIRILACAK","Alkolsüz (Doğrulandı)","P1 - Yüksek","-","Kayaya oyulmuş 28 metre derinlikteki hendek ve dikili taş iğnesiyle askeri mimarlık şaheseri","2026-08-20"
"qalaat-jaabar-cabbar-kalesi","place","RAKKA","Cabber Kalesi (Fırat Nehri / Esed Gölü)","Qal'at Ja'bar","قلعة جعبر","11. Yüzyıl Selçuklu/Zengi Ada Kalesi","ARAŞTIRILACAK","Alkolsüz (Doğrulandı)","P2 - Orta","-","Fırat Nehri üzerinde baraj gölüyle adaya dönüşen tuğla kuleli tarihi kale","2026-08-20"
"bloudan-ve-zabadani-rotasi","route","SAM","Bludan & Zebadani Dağ ve Bahçe Rotası","Bloudan & Zabadani Mountain Route","مسار بلودان والزبداني","Dağ ve Doğa Gezisi","ARAŞTIRILACAK","Alkolsüz (Doğrulandı)","P2 - Orta","-","1500 metre rakımda elma ve kiraz bahçeleri, serin pınarlar ve Barada kaynağı","2026-08-20"